group,relation,measure,bin,lo,hi,n,n_filtered,filtered_rate,dAP,dAP_lo,dAP_hi,dAUC,dAUC_lo,dAUC_hi
low,rur,burst,1,1.2491325370856019e-08,0.1824217085556298,1701,343,0.20164609053497942,0.0005069961854473948,-0.008789911400593223,0.01146073045653909,0.0010592665427205938,-0.006585634125258985,0.009518144992446532
low,rur,burst,2,0.18250691595148852,0.4276877691025769,1700,339,0.19941176470588234,-0.001237813388176434,-0.011227213784080658,0.012399227049102683,-0.0008986104699173269,-0.008737363383674345,0.008086815614692188
low,rur,burst,3,0.42789619066995965,0.830725819381649,1700,344,0.2023529411764706,0.001664302835469722,-0.010172280876812517,0.014092802253157358,-0.0004120360842423176,-0.007052080089610227,0.006433214209396122
low,rur,burst,4,0.830725819381649,19.192398506318106,1701,435,0.25573192239858905,0.008622706989567974,-0.008043620473579741,0.028404142516300895,0.006180385320767701,-0.0023343464036663093,0.016671741469950433
low,rur,absdev,1,0.0,0.41772151898734133,1620,273,0.1685185185185185,-0.0026656198724507195,-0.013886172830667613,0.008092154311237066,-0.0031397951219777507,-0.014053542199513554,0.00964583427737831
low,rur,absdev,2,0.41860465116279055,0.8435988390841667,1619,354,0.21865348980852378,0.005213207841188061,-0.013722401058507574,0.0294046992009455,0.005956990688015007,-0.0071264420167351525,0.01875230170663121
low,rur,absdev,3,0.84375,1.2075242718446604,1619,251,0.15503397158739962,0.0003535435395593256,-0.007912092718442084,0.00934967307121511,-0.0027166189044989463,-0.01154399004821991,0.006415646248569364
low,rur,absdev,4,1.2077922077922079,3.7636363636363637,1619,475,0.2933909820877085,0.0011901178858238714,-0.007773115472458291,0.011698599847262193,-0.00021383879278615847,-0.005563725854467318,0.005467157977838144
low,rur,down,1,0.0022962112514353095,0.32616487455197163,604,92,0.152317880794702,-0.002593819965877242,-0.023103248282441997,0.012911896119531939,-0.005103600543478226,-0.020192806357291034,0.010735852549822213
low,rur,down,2,0.32624113475177285,1.0869565217391308,603,113,0.18739635157545606,0.022899537430564432,-0.014180511431533885,0.057806619676013006,0.00957197038107276,-0.00800929148959502,0.025793067896399326
low,rur,down,3,1.0922570016474467,2.2681833850396416,603,148,0.24543946932006633,0.007839925001932157,-0.00970804641537632,0.02851588417389497,0.003130383130383119,-0.005025345402896434,0.012098215190057545
low,rur,down,4,2.2746113989637307,3.7636363636363637,604,173,0.28642384105960267,-0.004795550096093315,-0.02174601544113063,0.01759894110351452,-0.006051258667167425,-0.018968323055706907,0.007929740445136852
low,rur,up,1,0.0023255813953486637,0.4530111238972001,1012,212,0.20948616600790515,0.004907007185989576,-0.01216136515785759,0.02149235708659521,0.002357311320754718,-0.011264129033105067,0.01668786182008442
low,rur,up,2,0.45302396348421414,0.7862595419847329,1012,195,0.19268774703557312,-0.002829705351266765,-0.014829063149282142,0.007302976354786265,-0.00037535699714401626,-0.01264136964724388,0.013283703344454985
low,rur,up,3,0.786516853932584,1.0536044362292052,1012,174,0.17193675889328064,0.0002929126214282096,-0.009531969417529162,0.011170843565440736,-0.0001508792143307902,-0.00983235480793765,0.011569961427180458
low,rur,up,4,1.053793399057008,3.125,1012,245,0.24209486166007904,0.00322565018692379,-0.011157876154754187,0.017425251471586377,-0.0005438629167442644,-0.009207426324308132,0.007346847308570344
low,rsr,burst,1,1.2491325370856019e-08,0.1824217085556298,1701,343,0.20164609053497942,0.010985950621278185,-0.013925261472173404,0.03583352849353936,0.00707437193265692,-0.0075699637287733575,0.022470465505321995
low,rsr,burst,2,0.18250691595148852,0.4276877691025769,1700,339,0.19941176470588234,0.026204503685447366,0.0015805781906467178,0.054584284133369874,0.006892381317745344,-0.010501343654914948,0.024045190336435995
low,rsr,burst,3,0.42789619066995965,0.830725819381649,1700,344,0.2023529411764706,-0.009156898670558055,-0.034211977470507575,0.013640086840241665,-0.0002632571859779276,-0.013475212913632437,0.013896293477266659
low,rsr,burst,4,0.830725819381649,19.192398506318106,1701,435,0.25573192239858905,0.027477756725238556,-0.01560368954928177,0.06216452003649993,0.01295563908409143,-0.008928092739265583,0.034805294497205506
low,rsr,absdev,1,0.0,0.41772151898734133,1620,273,0.1685185185185185,-0.005813229620338889,-0.028204799719132,0.018858624410471612,0.0002703062836693082,-0.02035752792293079,0.02191327742013339
low,rsr,absdev,2,0.41860465116279055,0.8435988390841667,1619,354,0.21865348980852378,0.03782432565378131,-0.023840389658169744,0.08260236408067272,0.012532100667693901,-0.022897180460539717,0.03917780802153306
low,rsr,absdev,3,0.84375,1.2075242718446604,1619,251,0.15503397158739962,0.013606972335818956,-0.0083772537737026,0.0367141282288428,-0.0015528529158221004,-0.018955641116394636,0.01523853241529115
low,rsr,absdev,4,1.2077922077922079,3.7636363636363637,1619,475,0.2933909820877085,0.010181225022999429,-0.01992370509553589,0.03754973533043447,0.005185130658814851,-0.008634236736746107,0.019173066315009736
low,rsr,down,1,0.0022962112514353095,0.32616487455197163,604,92,0.152317880794702,0.008476278048735335,-0.024828325264266045,0.04301503453066315,0.010822860054347827,-0.017620092254799533,0.04066077069751724
low,rsr,down,2,0.32624113475177285,1.0869565217391308,603,113,0.18739635157545606,0.0977959905052989,-0.007944738850669,0.14127014870845617,0.02528083799891636,-0.03152189005797631,0.05633210901585517
low,rsr,down,3,1.0922570016474467,2.2681833850396416,603,148,0.24543946932006633,0.023120007783905782,-0.017813700992702512,0.06133815574602274,0.02076626076626078,0.002423119869703147,0.037934766748827314
low,rsr,down,4,2.2746113989637307,3.7636363636363637,604,173,0.28642384105960267,0.007331755068020307,-0.03115202064676892,0.045067761869360776,-0.0003513807116130252,-0.025108253436198873,0.02547797957248721
low,rsr,up,1,0.0023255813953486637,0.4530111238972001,1012,212,0.20948616600790515,0.014186996838606136,-0.039639831330832376,0.053043362718610584,0.007076650943396223,-0.017765985772314852,0.030933814094100995
low,rsr,up,2,0.45302396348421414,0.7862595419847329,1012,195,0.19268774703557312,0.001067955509298213,-0.028005957614505264,0.032356936786446217,-0.01074851708878637,-0.03924179739659822,0.019381880503513662
low,rsr,up,3,0.786516853932584,1.0536044362292052,1012,174,0.17193675889328064,0.010634822990848414,-0.016557004782946312,0.04254617979971057,-0.002341371080569532,-0.020600808241823598,0.017288136072249875
low,rsr,up,4,1.053793399057008,3.125,1012,245,0.24209486166007904,0.0021705446850140307,-0.041028951187102806,0.04065302429838365,-0.006850969853391153,-0.02291822458159058,0.010444349019309481
low,rtr,burst,1,1.2491325370856019e-08,0.1824217085556298,1701,343,0.20164609053497942,-0.0024208641130556317,-0.03167800306396972,0.028005401572300147,0.002993168653954337,-0.014894696422774372,0.021945850666886445
low,rtr,burst,2,0.18250691595148852,0.4276877691025769,1700,339,0.19941176470588234,0.01888772710722265,-0.012700639743519199,0.06246842010869377,0.01290869328686397,-0.006009188696651113,0.033221953889312705
low,rtr,burst,3,0.42789619066995965,0.830725819381649,1700,344,0.2023529411764706,-0.010554381570492832,-0.035578681936423974,0.011629224278813296,0.005424212800987838,-0.007267583127121155,0.017715156223005513
low,rtr,burst,4,0.830725819381649,19.192398506318106,1701,435,0.25573192239858905,0.01875687664502672,-0.03772566319236112,0.06797653102193757,0.012289952969802597,-0.01250635742762692,0.038732196070509296
low,rtr,absdev,1,0.0,0.41772151898734133,1620,273,0.1685185185185185,0.012782677794378994,-0.013924470383641271,0.037081908624784485,0.009398718084686907,-0.012877423196334023,0.033467858994727276
low,rtr,absdev,2,0.41860465116279055,0.8435988390841667,1619,354,0.21865348980852378,0.07692651576743291,-0.012758450241787211,0.11806838583689265,0.026278109019450224,-0.010186254048819858,0.052619717207969666
low,rtr,absdev,3,0.84375,1.2075242718446604,1619,251,0.15503397158739962,-0.016709762768829718,-0.049294465930173115,0.006990644116079699,-0.0031726893595209527,-0.020168504453536622,0.014003661343091488
low,rtr,absdev,4,1.2077922077922079,3.7636363636363637,1619,475,0.2933909820877085,-0.016869289455968384,-0.040894463767329234,0.00459497324364932,-0.006297386823702622,-0.018453922104255564,0.006580408333535613
low,rtr,down,1,0.0022962112514353095,0.32616487455197163,604,92,0.152317880794702,0.016664533042088363,-0.015512546143506662,0.043146038502987524,0.004479449728260887,-0.02736525764907744,0.03251755472513485
low,rtr,down,2,0.32624113475177285,1.0869565217391308,603,113,0.18739635157545606,0.12309656306444675,0.0002006970114821079,0.1588298908403388,0.042365902113057595,-0.0025261634651411696,0.06720162116762979
low,rtr,down,3,1.0922570016474467,2.2681833850396416,603,148,0.24543946932006633,-0.028526054504435783,-0.07141944872163672,0.013374389728202122,-0.007950697950697961,-0.028201786303561537,0.014098885918431746
low,rtr,down,4,2.2746113989637307,3.7636363636363637,604,173,0.28642384105960267,-0.047273809908158194,-0.08538592088276148,-0.014473813466976364,-0.005729383206147886,-0.02667007924505721,0.01650743945190355
low,rtr,up,1,0.0023255813953486637,0.4530111238972001,1012,212,0.20948616600790515,0.05793502285517201,-0.009893587695182712,0.0866826681820774,0.0193808962264151,-0.006788540896224506,0.04085442854196067
low,rtr,up,2,0.45302396348421414,0.7862595419847329,1012,195,0.19268774703557312,0.020912121894205847,-0.01351988143794145,0.053620722647680356,0.0015428553494648777,-0.028567000337330596,0.029177060259313662
low,rtr,up,3,0.786516853932584,1.0536044362292052,1012,174,0.17193675889328064,-0.03254815177103758,-0.06459998009207141,0.006306223948845677,-0.0019490851233094908,-0.0197324262944575,0.018178335957940453
low,rtr,up,4,1.053793399057008,3.125,1012,245,0.24209486166007904,0.0036624867781291258,-0.03493566465555215,0.036631708291439406,-0.0035090333395418004,-0.020032204510850974,0.012391459462074293
high,rur,burst,1,2.0242359422445266e-09,0.17479005181585616,2199,139,0.06321055025011368,0.08450100211924678,0.023498228336972078,0.14550425920629448,0.010833275127470853,-0.008348455342385376,0.027541299175325187
high,rur,burst,2,0.17504493432022886,0.40473913794524485,2199,139,0.06321055025011368,0.06729111643456573,0.010874009598594822,0.11266588129328772,0.018534609205839204,-0.006174187210750372,0.04070265625263247
high,rur,burst,3,0.40473913794524485,0.7922117825466931,2199,140,0.06366530241018645,0.030334149515369575,-0.010066741373753118,0.07254385866293014,0.018214806077846403,-0.002109379288147904,0.03939950885321951
high,rur,burst,4,0.7922117825466931,19.622094320584768,2199,210,0.09549795361527967,0.027995129345104418,-0.01617764354855629,0.07670584891737835,0.01318777083482967,-0.0041829416643622205,0.03265788982476421
high,rur,absdev,1,0.0,0.2241379310344831,2123,132,0.06217616580310881,0.05289242062753633,0.001402587567735107,0.1085094819999293,0.0232645389099432,0.0016727853756010988,0.04715882338820019
high,rur,absdev,2,0.2245879120879124,0.686157517899761,2122,171,0.08058435438265787,0.0701219487267262,0.014509713060530244,0.12502628811295075,0.029375848642621417,0.010484451346710121,0.05158826258408974
high,rur,absdev,3,0.6861924686192467,1.065040650406504,2122,144,0.06786050895381715,0.05146091903250187,-0.005966253451118275,0.10735787087790635,0.004256544208515889,-0.014294956248976044,0.024364601448891784
high,rur,absdev,4,1.0652173913043477,4.0,2122,159,0.07492931196983978,0.04825835461777961,-0.0008809908693217509,0.09801563314560148,-0.001887112845503447,-0.022236196868036483,0.017884243191084705
high,rur,down,1,0.002664298401421128,0.2608695652173916,923,59,0.06392199349945829,0.05273240375748134,-0.03433561488566485,0.13506236470468239,0.018832391713747666,-0.01948309003822314,0.05498185045648806
high,rur,down,2,0.2609400324149105,0.7552552552552552,922,76,0.0824295010845987,0.09941205345966572,0.016730922957760914,0.17894813245858557,0.03964787856165235,0.01097611212311785,0.07496856834022772
high,rur,down,3,0.7556270096463025,1.3210382513661205,922,41,0.044468546637744036,-0.05919294292949949,-0.16357779519001386,0.04802019096225074,-0.021793416572077184,-0.05621769857053331,0.009980069219425035
high,rur,down,4,1.32409972299169,4.0,923,67,0.07258938244853738,0.01587754008836776,-0.05976924775569796,0.08007266657689674,-0.0041881712930673665,-0.046962572615149176,0.03145882667056522
high,rur,up,1,0.0008833922261484162,0.21363040629095664,1193,73,0.06119027661357921,0.049444175225393225,-0.005523282108699992,0.11474404760203706,0.024704011741682998,-0.001116241409595552,0.05658954522667886
high,rur,up,2,0.21391076115485586,0.6692913385826773,1193,95,0.07963118189438391,0.04934778425536829,-0.009705815452500958,0.11200685144339458,0.01833573003547122,-0.002467811710171408,0.042600117458252214
high,rur,up,3,0.6699999999999999,0.984257871064468,1193,99,0.08298407376362113,0.03958471023855179,-0.020980520475067526,0.09576306465679418,0.006612745369600948,-0.016311983970009238,0.028110839270503462
high,rur,up,4,0.984375,2.7,1193,93,0.07795473595976529,0.10382618498971807,0.03135605395753781,0.17329120324219902,0.01741739980449659,-0.010456694493945332,0.04512690391503686
high,rsr,burst,1,2.0242359422445266e-09,0.17479005181585616,2199,139,0.06321055025011368,-0.005374363901459256,-0.038189473739177415,0.02496782559961354,-0.004035761681916594,-0.016031999808621508,0.006863927805326643
high,rsr,burst,2,0.17504493432022886,0.40473913794524485,2199,139,0.06321055025011368,-0.004302369696509806,-0.033187964956408744,0.02347126908335707,-0.004822937766291812,-0.016682442696221992,0.008115516164002433
high,rsr,burst,3,0.40473913794524485,0.7922117825466931,2199,140,0.06366530241018645,-0.009371811345753822,-0.03948087158788645,0.02316204494922153,-0.004306528828141243,-0.017678446588959434,0.009390237767620609
high,rsr,burst,4,0.7922117825466931,19.622094320584768,2199,210,0.09549795361527967,-0.03419384829205306,-0.0652247612637925,-0.000695470850004879,-0.00450717038952333,-0.01539157876795861,0.005820255235284964
high,rsr,absdev,1,0.0,0.2241379310344831,2123,132,0.06217616580310881,-0.025777447719299313,-0.0629144410258354,0.007598216703922379,-0.009079494087027995,-0.022605790959468065,0.005448285854980539
high,rsr,absdev,2,0.2245879120879124,0.686157517899761,2122,171,0.08058435438265787,0.012387082856006459,-0.02017081413870677,0.04626208220223119,0.002281031469841532,-0.006548862044034623,0.011846392606687845
high,rsr,absdev,3,0.6861924686192467,1.065040650406504,2122,144,0.06786050895381715,-0.03593614036931828,-0.07863146504432558,-0.0028511355341358327,-0.012421357150881973,-0.02508778692654915,-0.0020789888443967387
high,rsr,absdev,4,1.0652173913043477,4.0,2122,159,0.07492931196983978,0.011357124685862618,-0.01522826002731314,0.042076356673434845,-0.002225447508466383,-0.016544001313781715,0.011488024703020594
high,rsr,down,1,0.002664298401421128,0.2608695652173916,923,59,0.06392199349945829,-0.05520983110114673,-0.12742313247151923,-0.0035543797853993192,-0.017631826741996214,-0.03927117982459298,0.006641245099785605
high,rsr,down,2,0.2609400324149105,0.7552552552552552,922,76,0.0824295010845987,-0.012734158177342058,-0.05673175642051044,0.04623539252022535,-0.002535149931566516,-0.012372912594666734,0.009645789154278264
high,rsr,down,3,0.7556270096463025,1.3210382513661205,922,41,0.044468546637744036,-0.0334109597610119,-0.10660772417260417,0.04693287688704927,-0.0047894576562110824,-0.022237590110188842,0.010498365494066153
high,rsr,down,4,1.32409972299169,4.0,923,67,0.07258938244853738,0.012930640112528447,-0.027594103678393586,0.06282488390193347,-0.010360580276189113,-0.03232522187840539,0.011887922933812614
high,rsr,up,1,0.0008833922261484162,0.21363040629095664,1193,73,0.06119027661357921,-0.009658229057485469,-0.043813788730586556,0.036529567791739444,-0.0037915851272015467,-0.021376941215907604,0.01611429777306272
high,rsr,up,2,0.21391076115485586,0.6692913385826773,1193,95,0.07963118189438391,0.023677962497062322,-0.01933806019037105,0.06544481180393467,0.007011791774518295,-0.008681066754758335,0.023146493519325677
high,rsr,up,3,0.6699999999999999,0.984257871064468,1193,99,0.08298407376362113,-0.013142031158698109,-0.0630754414328123,0.023410026172013283,-0.004810444481376841,-0.0215448890049479,0.006703286194318633
high,rsr,up,4,0.984375,2.7,1193,93,0.07795473595976529,-0.009847839039608041,-0.04494756499999224,0.02945155261249037,-0.0048954056695991845,-0.023996751482997077,0.014167976499695093
high,rtr,burst,1,2.0242359422445266e-09,0.17479005181585616,2199,139,0.06321055025011368,-0.014205777048985513,-0.052412092931134614,0.01988428271485526,-0.007075504644827824,-0.019220250812325163,0.0037294170935216987
high,rtr,burst,2,0.17504493432022886,0.40473913794524485,2199,139,0.06321055025011368,-0.0051034675906746815,-0.03517964061695925,0.024521270098508477,-0.005122581546413385,-0.017408518807239634,0.007026695463826309
high,rtr,burst,3,0.40473913794524485,0.7922117825466931,2199,140,0.06366530241018645,-0.02632649928922793,-0.05780960823878621,0.0019477743541527672,-0.005289669048775392,-0.017047543795060405,0.007627716362748756
high,rtr,burst,4,0.7922117825466931,19.622094320584768,2199,210,0.09549795361527967,-0.019025486462199415,-0.04925693314935085,0.014642762058835941,-0.012516459575283112,-0.023354981785094094,-0.0014018745602194758
high,rtr,absdev,1,0.0,0.2241379310344831,2123,132,0.06217616580310881,-0.035969398603243705,-0.07089864775859676,-0.004814580724964821,-0.015301432202486965,-0.029514314105934247,-0.0013374192431517373
high,rtr,absdev,2,0.2245879120879124,0.686157517899761,2122,171,0.08058435438265787,0.015822573419684526,-0.015423116006815939,0.05489134961822989,-0.006061369038519793,-0.016969396147386254,0.0034653361353910446
high,rtr,absdev,3,0.6861924686192467,1.065040650406504,2122,144,0.06786050895381715,-0.03565797188463825,-0.07991634290916395,0.004162121118974259,-0.007714723064824213,-0.020643697083264842,0.003941550256370819
high,rtr,absdev,4,1.0652173913043477,4.0,2122,159,0.07492931196983978,-0.005424607745218102,-0.038393947381009146,0.026068996102376903,-0.0004235591140502093,-0.012897886936423028,0.011447335541317927
high,rtr,down,1,0.002664298401421128,0.2608695652173916,923,59,0.06392199349945829,-0.065937818974075,-0.13478888869356087,-0.018439718413988285,-0.026761613308223443,-0.047699061225870865,-0.004784140576814122
high,rtr,down,2,0.2609400324149105,0.7552552552552552,922,76,0.0824295010845987,-0.011197753741306382,-0.04824138197531553,0.052795677999696235,-0.010156152793330864,-0.02098193513626939,0.000604978282906348
high,rtr,down,3,0.7556270096463025,1.3210382513661205,922,41,0.044468546637744036,-0.018484959358694007,-0.09507995569977636,0.04537739823651098,0.003443979956258114,-0.008864228892380477,0.01661631260817735
high,rtr,down,4,1.32409972299169,4.0,923,67,0.07258938244853738,0.012951719663002858,-0.0361838850418682,0.06018113718836293,0.007678895243409145,-0.008694563857514662,0.024226245377405278
high,rtr,up,1,0.0008833922261484162,0.21363040629095664,1193,73,0.06119027661357921,-0.02092580313216528,-0.05267452417858848,0.014849448269635029,-0.008679060665362037,-0.027310392226161537,0.009386858934443791
high,rtr,up,2,0.21391076115485586,0.6692913385826773,1193,95,0.07963118189438391,0.03057435291667897,-0.019120724502473697,0.07320013865404229,-0.0011504170261719571,-0.01790625787626085,0.014979919319048162
high,rtr,up,3,0.6699999999999999,0.984257871064468,1193,99,0.08298407376362113,-0.017855867330354547,-0.07440642970333547,0.028049427990753443,-0.004945247724041124,-0.0232258878816598,0.010925795115207719
high,rtr,up,4,0.984375,2.7,1193,93,0.07795473595976529,-0.032033781878064806,-0.07076692403235361,0.006990355584053178,-0.014269794721407613,-0.03442577391361119,0.006567332424456673
